url,old,new
https://nmgtechnologies.com/hs-fs/hubfs/london-logo.png?width=168&height=50&name=london-logo.png,N/A,Needs Manual Review
https://nmgtechnologies.com/hubfs/hub_generated/template_assets/1/79288942228/1779279328752/template_theme-overrides.min.css,N/A,Needs Manual Review
https://nmgtechnologies.com/hubfs/hub_generated/template_assets/1/73070272305/1742178316839/template_slider.min.css,N/A,Needs Manual Review
https://nmgtechnologies.com/hs-fs/hubfs/clutch-global.png.png?width=161&height=138&name=clutch-global.png.png,N/A,Needs Manual Review
https://nmgtechnologies.com/hs-fs/hubfs/framework_17920711.png?width=50&height=50&name=framework_17920711.png,N/A,Needs Manual Review
https://nmgtechnologies.com/hubfs/Pubnub.png,N/A,Needs Manual Review
https://nmgtechnologies.com/hs-fs/hubfs/star-ratinng.png?width=116&name=star-ratinng.png,N/A,Needs Manual Review
https://nmgtechnologies.com/hs-fs/hubfs/cloud_4237040.png?width=50&height=50&name=cloud_4237040.png,N/A,Needs Manual Review
https://nmgtechnologies.com/hs/hsstatic/HubspotToolsMenu/static-1.640/js/index.js,N/A,Needs Manual Review
https://nmgtechnologies.com/hs-fs/hubfs/cloud_11248494.png?width=50&height=50&name=cloud_11248494.png,N/A,Needs Manual Review
https://nmgtechnologies.com/hubfs/blog-home-img.webp,N/A,Needs Manual Review
https://nmgtechnologies.com/hubfs/hub_generated/module_assets/1/79286377522/1742210702901/module_menu-section.min.js,N/A,Needs Manual Review
https://nmgtechnologies.com/hubfs/hub_generated/template_assets/1/73076382577/1742178318598/template_jquery-2.2.0.min.js,N/A,Needs Manual Review
https://nmgtechnologies.com/hs-fs/hubfs/cloud-computing_17092326.png?width=50&height=50&name=cloud-computing_17092326.png,N/A,Needs Manual Review
https://nmgtechnologies.com/hubfs/hub_generated/module_assets/1/79287966637/1742210709720/module_lead-text.min.css,N/A,Needs Manual Review
https://nmgtechnologies.com/hubfs/top-healthcare.svg,N/A,Needs Manual Review
https://nmgtechnologies.com/hubfs/testimonial06.png,N/A,Needs Manual Review
https://nmgtechnologies.com/hs-fs/hubfs/artificial-intelligence_17027211.png?width=50&height=50&name=artificial-intelligence_17027211.png,N/A,Needs Manual Review
https://nmgtechnologies.com/hs-fs/hubfs/forbes_badge_footer.png?width=199&height=121&name=forbes_badge_footer.png,N/A,Needs Manual Review
https://nmgtechnologies.com/hubfs/hub_generated/module_assets/1/79286758824/1742210705726/module_clients.min.css,N/A,Needs Manual Review
https://nmgtechnologies.com/hubfs/hub_generated/module_assets/1/186622679813/1743678246986/module_Testimonial_Home_Page.min.js,N/A,Needs Manual Review
https://nmgtechnologies.com/hubfs/hugo_timeline.png,N/A,Needs Manual Review
https://nmgtechnologies.com/hubfs/hub_generated/template_assets/1/79287966993/1779279327386/template_main.min.js,N/A,Needs Manual Review
https://nmgtechnologies.com/hubfs/Atlys-Feb-20-2024-10-13-31-6281-AM.png,N/A,Needs Manual Review
https://nmgtechnologies.com/hubfs/website-images/clients/logo1.png,N/A,Needs Manual Review
https://nmgtechnologies.com/hubfs/gitex--dubai.webp,N/A,Needs Manual Review
https://nmgtechnologies.com/hubfs/hub_generated/template_assets/1/79287953967/1779279328372/template_main.min.css,N/A,Needs Manual Review
https://nmgtechnologies.com/hs-fs/hubfs/champion-badg.png.png?width=161&height=138&name=champion-badg.png.png,N/A,Needs Manual Review
https://nmgtechnologies.com/hubfs/schedule-call.png,N/A,Needs Manual Review
https://nmgtechnologies.com/hubfs/landing%20page/nikon.png,N/A,Needs Manual Review
https://nmgtechnologies.com/hubfs/Google%20Partner.png,N/A,Needs Manual Review
https://nmgtechnologies.com/hubfs/client-image.png,N/A,Needs Manual Review
https://nmgtechnologies.com/hubfs/hub_generated/module_assets/1/72436754588/1743160588654/module_landing_page_form_-module.min.css,N/A,Needs Manual Review
https://nmgtechnologies.com/hubfs/hubspot_partner-2.png,N/A,Needs Manual Review
https://nmgtechnologies.com/hubfs/performer-winter.svg,N/A,Needs Manual Review
https://nmgtechnologies.com/hs-fs/hubfs/algorithm_18843754.png?width=50&height=50&name=algorithm_18843754.png,N/A,Needs Manual Review
https://nmgtechnologies.com/hubfs/nmg-stories.jpg,N/A,Needs Manual Review
https://nmgtechnologies.com/hubfs/hub_generated/template_assets/1/73073688966/1742178318191/template_slick.min.css,N/A,Needs Manual Review
https://nmgtechnologies.com/hubfs/hub_generated/module_assets/1/79287954262/1742210707596/module_heading.min.css,N/A,Needs Manual Review
https://nmgtechnologies.com/hubfs/shopify-logo.png,N/A,Needs Manual Review
https://nmgtechnologies.com/hs-fs/hubfs/api_17001180.png?width=50&height=50&name=api_17001180.png,N/A,Needs Manual Review
https://nmgtechnologies.com/hs-fs/hubfs/data-processing_16136793.png?width=50&height=50&name=data-processing_16136793.png,N/A,Needs Manual Review
https://nmgtechnologies.com/hubfs/client-image-2.png,N/A,Needs Manual Review
https://nmgtechnologies.com/hs-fs/hubfs/forbes%20badge-1.png?width=222&height=197&name=forbes%20badge-1.png,N/A,Needs Manual Review
https://nmgtechnologies.com/hubfs/hub_generated/template_assets/1/79288047418/1779279326501/template__splide.min.css,N/A,Needs Manual Review
https://nmgtechnologies.com/hubfs/hub_generated/template_assets/1/73073648812/1742178317771/template_slick-theme.min.css,N/A,Needs Manual Review
https://nmgtechnologies.com/hs/scriptloader/9158797.js,N/A,Needs Manual Review
https://nmgtechnologies.com/hubfs/top-ai.svg,N/A,Needs Manual Review
https://nmgtechnologies.com/hubfs/hub_generated/module_assets/1/79289129820/1742210719738/module_button-link.min.css,N/A,Needs Manual Review
https://nmgtechnologies.com/hs-fs/hubfs/nikon-logo-2.png?width=69&height=70&name=nikon-logo-2.png,N/A,Needs Manual Review
https://nmgtechnologies.com/hubfs/hub_generated/module_assets/1/79286377522/1742210702901/module_menu-section.min.css,N/A,Needs Manual Review
https://nmgtechnologies.com/hubfs/hub_generated/module_assets/1/79685313959/1762326798465/module_stye-css.css,N/A,Needs Manual Review
https://nmgtechnologies.com/hubfs/hub_generated/module_assets/1/186148999078/1750675986466/module_Image_Gallery.min.css,N/A,Needs Manual Review
https://nmgtechnologies.com/hubfs/hub_generated/module_assets/1/79286477099/1742210704649/module_video-popup.min.css,N/A,Needs Manual Review
https://nmgtechnologies.com/hs/hsstatic/content-cwv-embed/static-1.1293/embed.js,N/A,Needs Manual Review
https://nmgtechnologies.com/hs-fs/hubfs/api_17364487.png?width=50&height=50&name=api_17364487.png,N/A,Needs Manual Review
https://nmgtechnologies.com/hubfs/hub_generated/module_assets/1/190317318914/1747658659583/module_Text_Button.min.css,N/A,Needs Manual Review
https://nmgtechnologies.com/hubfs/hub_generated/template_assets/1/79286301707/1779279327317/template_jquery.min.js,N/A,Needs Manual Review
https://nmgtechnologies.com/hubfs/Semrush.png,N/A,Needs Manual Review
https://nmgtechnologies.com/hs-fs/hubfs/logo_white_bold.png?width=1100&height=166&name=logo_white_bold.png,N/A,Needs Manual Review
https://nmgtechnologies.com/hubfs/mihir.png,N/A,Needs Manual Review
https://nmgtechnologies.com/hubfs/Hugo.png,N/A,Needs Manual Review
https://nmgtechnologies.com/hs/hsstatic/cos-i18n/static-1.53/bundles/project.js,N/A,Needs Manual Review
https://nmgtechnologies.com/hubfs/mohak.png,N/A,Needs Manual Review
https://nmgtechnologies.com/hubfs/hub_generated/module_assets/1/79286477099/1742210704649/module_video-popup.min.js,N/A,Needs Manual Review
https://nmgtechnologies.com/hubfs/rgp-1.png,N/A,Needs Manual Review
https://nmgtechnologies.com/hs-fs/hubfs/good-firms-logo-2.png.png?width=161&height=126&name=good-firms-logo-2.png.png,N/A,Needs Manual Review
https://nmgtechnologies.com/hs-fs/hubfs/hugo-rgp.png?width=87&height=38&name=hugo-rgp.png,N/A,Needs Manual Review
https://nmgtechnologies.com/hubfs/softwave-blog-banner.webp,N/A,Needs Manual Review
https://nmgtechnologies.com/hubfs/Microsoft.png,N/A,Needs Manual Review
https://nmgtechnologies.com/hubfs/hub_generated/module_assets/1/186622679813/1743678246986/module_Testimonial_Home_Page.min.css,N/A,Needs Manual Review
https://nmgtechnologies.com/hs-fs/hubfs/atlys-logo-3.png?width=228&height=70&name=atlys-logo-3.png,N/A,Needs Manual Review
https://nmgtechnologies.com/hs-fs/hubfs/fintech.jpg?width=600&height=400&name=fintech.jpg,N/A,Needs Manual Review
https://nmgtechnologies.com/hubfs/hub_generated/template_assets/1/73072873771/1742178317281/template_slick.min.js,N/A,Needs Manual Review
https://nmgtechnologies.com/hubfs/essilor_luxottica.png,N/A,Needs Manual Review
https://nmgtechnologies.com/hs-fs/hubfs/real-estate.jpg?width=600&height=400&name=real-estate.jpg,N/A,Needs Manual Review
https://nmgtechnologies.com/hs-fs/hubfs/edtech.jpg?width=600&height=400&name=edtech.jpg,N/A,Needs Manual Review
https://nmgtechnologies.com/hubfs/hub_generated/module_assets/1/79288944054/1742210716053/module_toggles.min.js,N/A,Needs Manual Review
https://nmgtechnologies.com/hs-fs/hubfs/healthcare.jpg?width=600&height=400&name=healthcare.jpg,N/A,Needs Manual Review
https://nmgtechnologies.com/hubfs/mysqul.svg,N/A,Needs Manual Review
https://nmgtechnologies.com/hubfs/koora-break-banner.png,N/A,Needs Manual Review
https://nmgtechnologies.com/hs/hsstatic/keyboard-accessible-menu-flyouts/static-1.17/bundles/project.js,N/A,Needs Manual Review
https://nmgtechnologies.com/hs-fs/hubfs/Vector-icon.png?width=40&height=40&name=Vector-icon.png,N/A,Needs Manual Review
https://nmgtechnologies.com/hubfs/spring-boot.svg,N/A,Needs Manual Review
https://nmgtechnologies.com/hs-fs/hubfs/css-icon.png?width=40&height=40&name=css-icon.png,N/A,Needs Manual Review
https://nmgtechnologies.com/hubfs/hub_generated/module_assets/1/186802171713/1743580555180/module_Technologies_Horizontal_Tab.min.css,N/A,Needs Manual Review
https://nmgtechnologies.com/hubfs/hub_generated/template_assets/1/150416641869/1740726814500/template_responsive-tabs.min.css,N/A,Needs Manual Review
https://nmgtechnologies.com/hubfs/postgresql.svg,N/A,Needs Manual Review
https://nmgtechnologies.com/hubfs/clutch-global.png,N/A,Needs Manual Review
https://nmgtechnologies.com/hubfs/softwave-banner-blog.jpg,N/A,Needs Manual Review
https://nmgtechnologies.com/hubfs/node.svg,N/A,Needs Manual Review
https://nmgtechnologies.com/hubfs/hub_generated/module_assets/1/186573024789/1743482652225/module_service_Heading.min.css,N/A,Needs Manual Review
https://nmgtechnologies.com/hubfs/hub_generated/template_assets/1/150409709072/1742178464140/template_responsivetabs.min.js,N/A,Needs Manual Review
https://nmgtechnologies.com/hubfs/hub_generated/module_assets/1/186677804294/1743580712411/module_Horizontal_Tab.min.css,N/A,Needs Manual Review
https://nmgtechnologies.com/hs-fs/hubfs/ri_bootstrap-line.png?width=40&height=40&name=ri_bootstrap-line.png,N/A,Needs Manual Review
https://nmgtechnologies.com/hubfs/oracle.svg,N/A,Needs Manual Review
https://nmgtechnologies.com/hubfs/mwc-blog.jpg,N/A,Needs Manual Review
https://nmgtechnologies.com/hubfs/ruby.svg,N/A,Needs Manual Review
https://nmgtechnologies.com/hubfs/django-1.svg,N/A,Needs Manual Review
https://nmgtechnologies.com/hs-fs/hubfs/logistics.jpg?width=600&height=400&name=logistics.jpg,N/A,Needs Manual Review
https://nmgtechnologies.com/hs-fs/hubfs/travel.jpg?width=600&height=400&name=travel.jpg,N/A,Needs Manual Review
https://nmgtechnologies.com/hubfs/hub_generated/module_assets/1/79288944054/1742210716053/module_toggles.min.css,N/A,Needs Manual Review
https://nmgtechnologies.com/hs-fs/hubfs/html-icon.png?width=40&height=40&name=html-icon.png,N/A,Needs Manual Review
https://nmgtechnologies.com/hubfs/hub_generated/module_assets/1/185747602065/1758604264313/module_Latest_blogs.min.css,N/A,Needs Manual Review
https://nmgtechnologies.com/hubfs/hub_generated/module_assets/1/186573024664/1743505293541/module_Card_Item.min.css,N/A,Needs Manual Review
https://nmgtechnologies.com/hubfs/good-firms-logo-2.png,N/A,Needs Manual Review
https://nmgtechnologies.com/hubfs/champion-badg.png,N/A,Needs Manual Review
https://nmgtechnologies.com/hubfs/mongodb.svg,N/A,Needs Manual Review
https://nmgtechnologies.com/hubfs/css.svg,N/A,Needs Manual Review
https://nmgtechnologies.com/hubfs/wordpress-migration.svg,N/A,Needs Manual Review
https://nmgtechnologies.com/hubfs/angular.svg,N/A,Needs Manual Review
https://nmgtechnologies.com/hubfs/figma.svg,N/A,Needs Manual Review
https://nmgtechnologies.com/hubfs/react-native.svg,N/A,Needs Manual Review
https://nmgtechnologies.com/hubfs/python.svg,N/A,Needs Manual Review
https://nmgtechnologies.com/hubfs/net.svg,N/A,Needs Manual Review
https://nmgtechnologies.com/hubfs/custom-web-development.svg,N/A,Needs Manual Review
https://nmgtechnologies.com/hubfs/hugeicons_sketch.svg,N/A,Needs Manual Review
https://nmgtechnologies.com/hubfs/java.svg,N/A,Needs Manual Review
https://nmgtechnologies.com/hubfs/plugin-development.svg,N/A,Needs Manual Review
https://nmgtechnologies.com/hubfs/php.svg,N/A,Needs Manual Review
https://nmgtechnologies.com/hubfs/hub_generated/module_assets/1/150417183366/1743756741820/module_responsive_tabs.min.css,N/A,Needs Manual Review
https://nmgtechnologies.com/hubfs/xd.svg,N/A,Needs Manual Review
https://nmgtechnologies.com/hubfs/invision.svg,N/A,Needs Manual Review
https://nmgtechnologies.com/hubfs/custom-cms-development.png,N/A,Needs Manual Review
https://nmgtechnologies.com/hubfs/shopify-theme.svg,N/A,Needs Manual Review
https://nmgtechnologies.com/hubfs/hub_generated/module_assets/1/186582904328/1750430010551/module_Center_Button.min.css,N/A,Needs Manual Review
https://nmgtechnologies.com/hubfs/shopify-third-party-iIntegration.svg,N/A,Needs Manual Review
https://nmgtechnologies.com/hubfs/shopify-store.svg,N/A,Needs Manual Review
https://nmgtechnologies.com/hubfs/ecommerce-web-development.svg,N/A,Needs Manual Review
https://nmgtechnologies.com/hubfs/jquery.svg,N/A,Needs Manual Review
https://nmgtechnologies.com/hubfs/cassandra-icon.svg,N/A,Needs Manual Review
https://nmgtechnologies.com/hubfs/html.svg,N/A,Needs Manual Review
https://nmgtechnologies.com/hubfs/hub_generated/module_assets/1/186715253027/1758347871755/module_Services_Slider.min.css,N/A,Needs Manual Review
https://nmgtechnologies.com/hubfs/hub_generated/module_assets/1/186718186307/1741173883770/module_List_Item.min.css,N/A,Needs Manual Review
https://nmgtechnologies.com/hs-fs/hubfs/nmg-tech-logo.png?width=155&height=35&name=nmg-tech-logo.png,N/A,Needs Manual Review
https://nmgtechnologies.com/hubfs/hub_generated/module_assets/1/186715253027/1758347871755/module_Services_Slider.min.js,N/A,Needs Manual Review
https://nmgtechnologies.com/hs-fs/hubfs/nmg-digital-logo.png?width=189&height=35&name=nmg-digital-logo.png,N/A,Needs Manual Review
https://nmgtechnologies.com/hubfs/hub_generated/module_assets/1/79287966308/1742210708532/module_counter.min.css,N/A,Needs Manual Review
https://nmgtechnologies.com/hubfs/hub_generated/module_assets/1/79287966308/1742210708532/module_counter.min.js,N/A,Needs Manual Review
https://nmgtechnologies.com/hubfs/vid-img.jpg,N/A,Needs Manual Review
https://nmgtechnologies.com/hubfs/ignore-rules-img.jpg,N/A,Needs Manual Review
https://nmgtechnologies.com/hs-fs/hubfs/epicweb-development.png?width=400&height=218&name=epicweb-development.png,N/A,Needs Manual Review
https://nmgtechnologies.com/hubfs/mobile-dev-checklist.png,N/A,Needs Manual Review
https://nmgtechnologies.com/hubfs/content-editorial-img.jpg,N/A,Needs Manual Review
https://nmgtechnologies.com/hubfs/ecommerce-checklist-1.png,N/A,Needs Manual Review
https://nmgtechnologies.com/hs-fs/hubfs/epic-mobile.png?width=400&height=218&name=epic-mobile.png,N/A,Needs Manual Review
https://nmgtechnologies.com/hubfs/developmental-checklist-img.jpg,N/A,Needs Manual Review
https://nmgtechnologies.com/hubfs/build-cost-img.jpg,N/A,Needs Manual Review
https://nmgtechnologies.com/hubfs/vid-img2.jpg,N/A,Needs Manual Review
https://nmgtechnologies.com/hubfs/advanced-seo-guide.png,N/A,Needs Manual Review
https://nmgtechnologies.com/hs-fs/hubfs/epic-python.png?width=400&height=218&name=epic-python.png,N/A,Needs Manual Review
https://nmgtechnologies.com/hubfs/vid-img3.jpg,N/A,Needs Manual Review
https://nmgtechnologies.com/hubfs/vid-2.jpg,N/A,Needs Manual Review
https://nmgtechnologies.com/hubfs/Group%20428.png,N/A,Needs Manual Review
https://nmgtechnologies.com/hubfs/hub_generated/module_assets/1/72156745346/1742210536975/module_Simple_Navbar.min.js,N/A,Needs Manual Review
https://nmgtechnologies.com/hubfs/nmg%20logo.png,N/A,Needs Manual Review
https://nmgtechnologies.com/hubfs/hub_generated/template_assets/1/72156745341/1739803332057/template_main.min.js,N/A,Needs Manual Review
https://nmgtechnologies.com/hubfs/hub_generated/template_assets/1/72156789360/1739803325621/template_main.min.css,N/A,Needs Manual Review
https://nmgtechnologies.com/hubfs/logo-white%20(1).webp,N/A,Needs Manual Review
https://nmgtechnologies.com/hubfs/azure.svg,N/A,Needs Manual Review
https://nmgtechnologies.com/hubfs/gcp.svg,N/A,Needs Manual Review
https://nmgtechnologies.com/hubfs/aws.svg,N/A,Needs Manual Review
https://nmgtechnologies.com/hubfs/digital-ocean.svg,N/A,Needs Manual Review
https://nmgtechnologies.com/hubfs/scrum.svg,N/A,Needs Manual Review
https://nmgtechnologies.com/hubfs/vue.svg,N/A,Needs Manual Review
https://nmgtechnologies.com/hubfs/svelte.svg,N/A,Needs Manual Review
https://nmgtechnologies.com/hubfs/react.svg,N/A,Needs Manual Review
https://nmgtechnologies.com/hubfs/integration-service-1.svg,N/A,Needs Manual Review
https://nmgtechnologies.com/hubfs/google-cloud.svg,N/A,Needs Manual Review
https://nmgtechnologies.com/hubfs/shopify-maintenance.svg,N/A,Needs Manual Review
https://nmgtechnologies.com/hubfs/web-portal-service.svg,N/A,Needs Manual Review
https://nmgtechnologies.com/hubfs/core-languages.svg,N/A,Needs Manual Review
https://nmgtechnologies.com/hubfs/git.svg,N/A,Needs Manual Review
https://nmgtechnologies.com/hubfs/website-design.svg,N/A,Needs Manual Review
https://nmgtechnologies.com/hubfs/testing-qa.svg,N/A,Needs Manual Review
https://nmgtechnologies.com/hubfs/MicrosoftTeams-image%20(82).png,N/A,Needs Manual Review
https://nmgtechnologies.com/hubfs/hub_generated/template_assets/1/79288929111/1779279335336/template_blog.min.css,N/A,Needs Manual Review
https://nmgtechnologies.com/hubfs/Startup-India-Event-2016-–-Key-Highlights_.jpg,N/A,Needs Manual Review
https://nmgtechnologies.com/hubfs/hub_generated/module_assets/1/73176652680/1742210557304/module_Blog-index.min.css,N/A,Needs Manual Review
https://nmgtechnologies.com/hubfs/SEMPO-Hangouts-Session-–-Web-Design-and-User-Experience.png,N/A,Needs Manual Review
https://nmgtechnologies.com/hubfs/retail-innovation-1.png,N/A,Needs Manual Review
https://nmgtechnologies.com/hubfs/leap-2023.jpg,N/A,Needs Manual Review
https://nmgtechnologies.com/hubfs/hero-banner.png,N/A,Needs Manual Review
https://nmgtechnologies.com/hubfs/enterprise-2.svg,N/A,Needs Manual Review
https://nmgtechnologies.com/hubfs/web-services.svg,N/A,Needs Manual Review
https://nmgtechnologies.com/hubfs/enterprise-1.svg,N/A,Needs Manual Review
https://nmgtechnologies.com/hs-fs/hubfs/retail.jpg?width=600&height=400&name=retail.jpg,N/A,Needs Manual Review
https://nmgtechnologies.com/hubfs/erp-plugin.svg,N/A,Needs Manual Review
https://nmgtechnologies.com/hubfs/enterprise-3.svg,N/A,Needs Manual Review
https://nmgtechnologies.com/hubfs/saas-cloud-migration.svg,N/A,Needs Manual Review
https://nmgtechnologies.com/hubfs/enterprise-4.svg,N/A,Needs Manual Review
https://nmgtechnologies.com/hubfs/saas-integration.svg,N/A,Needs Manual Review
https://nmgtechnologies.com/hubfs/saas-ui-design.svg,N/A,Needs Manual Review
https://nmgtechnologies.com/hubfs/saas-web-dev.svg,N/A,Needs Manual Review
https://nmgtechnologies.com/hubfs/saas-consulting.svg,N/A,Needs Manual Review
https://nmgtechnologies.com/hubfs/saas-platform-dev.svg,N/A,Needs Manual Review
https://nmgtechnologies.com/hubfs/saas-product-dev.svg,N/A,Needs Manual Review
https://nmgtechnologies.com/hubfs/saas-application-development.svg,N/A,Needs Manual Review
https://nmgtechnologies.com/hubfs/asp-net.svg,N/A,Needs Manual Review
https://nmgtechnologies.com/hubfs/shopify.svg,N/A,Needs Manual Review
https://nmgtechnologies.com/hubfs/magento.svg,N/A,Needs Manual Review
https://nmgtechnologies.com/hubfs/prestashop.svg,N/A,Needs Manual Review
https://nmgtechnologies.com/hubfs/oscommerce.svg,N/A,Needs Manual Review
https://nmgtechnologies.com/hubfs/bigcommerce.svg,N/A,Needs Manual Review
https://nmgtechnologies.com/hs-fs/hubfs/competiscan-screen1-2.png?width=470&height=568&name=competiscan-screen1-2.png,N/A,Needs Manual Review
https://nmgtechnologies.com/hubfs/ul-ux-icon.svg,N/A,Needs Manual Review
https://nmgtechnologies.com/hubfs/mobile-app.svg,N/A,Needs Manual Review
https://nmgtechnologies.com/hubfs/blockchain-icon.svg,N/A,Needs Manual Review
https://nmgtechnologies.com/hubfs/artificial-Intelligence.svg,N/A,Needs Manual Review
https://nmgtechnologies.com/hubfs/fintech-consulting.svg,N/A,Needs Manual Review
https://nmgtechnologies.com/hubfs/iot-icon.svg,N/A,Needs Manual Review
https://nmgtechnologies.com/hubfs/website-dvelopment.svg,N/A,Needs Manual Review
https://nmgtechnologies.com/hubfs/consulting-icon.svg,N/A,Needs Manual Review
https://nmgtechnologies.com/hs-fs/hubfs/Imported_Blog_Media/6-1-3.jpg?width=640&height=282&name=6-1-3.jpg,N/A,Needs Manual Review
https://nmgtechnologies.com/hs-fs/hubfs/Imported_Blog_Media/1-1-1-1.jpg?width=640&height=272&name=1-1-1-1.jpg,N/A,Needs Manual Review
https://nmgtechnologies.com/hs-fs/hubfs/Imported_Blog_Media/2-1-1-1.jpg?width=640&height=566&name=2-1-1-1.jpg,N/A,Needs Manual Review
https://nmgtechnologies.com/hs-fs/hubfs/Imported_Blog_Media/4-1-3.jpg?width=640&height=450&name=4-1-3.jpg,N/A,Needs Manual Review
https://nmgtechnologies.com/hs-fs/hubfs/Imported_Blog_Media/5-1-3.jpg?width=640&height=442&name=5-1-3.jpg,N/A,Needs Manual Review
https://nmgtechnologies.com/hs-fs/hubfs/Imported_Blog_Media/8-1-1-1.jpg?width=640&height=615&name=8-1-1-1.jpg,N/A,Needs Manual Review
https://nmgtechnologies.com/hs-fs/hubfs/Imported_Blog_Media/3-1-3.jpg?width=640&height=357&name=3-1-3.jpg,N/A,Needs Manual Review
https://nmgtechnologies.com/hs-fs/hubfs/Imported_Blog_Media/7-1-3.jpg?width=640&height=391&name=7-1-3.jpg,N/A,Needs Manual Review
https://nmgtechnologies.com/hs-fs/hubfs/Imported_Blog_Media/loom-img-1.jpg?width=640&height=264&name=loom-img-1.jpg,N/A,Needs Manual Review
https://nmgtechnologies.com/hubfs/backbone.svg,N/A,Needs Manual Review
https://nmgtechnologies.com/hubfs/skeleton-icon.svg,N/A,Needs Manual Review
https://nmgtechnologies.com/hubfs/bootstrap.svg,N/A,Needs Manual Review
https://nmgtechnologies.com/hs-fs/hubfs/d-3.png?width=42&height=42&name=d-3.png,N/A,Needs Manual Review
https://nmgtechnologies.com/hs-fs/hubfs/f-4.png?width=98&height=98&name=f-4.png,N/A,Needs Manual Review
https://nmgtechnologies.com/hs-fs/hubfs/time-material.png?width=98&height=98&name=time-material.png,N/A,Needs Manual Review
https://nmgtechnologies.com/hs-fs/hubfs/website-images/l2.png?width=41&height=37&name=l2.png,N/A,Needs Manual Review
https://nmgtechnologies.com/hs-fs/hubfs/f-3.png?width=98&height=98&name=f-3.png,N/A,Needs Manual Review
https://nmgtechnologies.com/hs-fs/hubfs/website-images/l4.png?width=35&height=37&name=l4.png,N/A,Needs Manual Review
https://nmgtechnologies.com/hs-fs/hubfs/website-images/l6.png?width=37&height=37&name=l6.png,N/A,Needs Manual Review
https://nmgtechnologies.com/hs-fs/hubfs/f-2.png?width=98&height=98&name=f-2.png,N/A,Needs Manual Review
https://nmgtechnologies.com/hs-fs/hubfs/d-4.png?width=40&height=37&name=d-4.png,N/A,Needs Manual Review
https://nmgtechnologies.com/hs-fs/hubfs/dedicated-team.png?width=98&height=98&name=dedicated-team.png,N/A,Needs Manual Review
https://nmgtechnologies.com/hubfs/outsorcing01.jpg,N/A,Needs Manual Review
https://nmgtechnologies.com/hs-fs/hubfs/mg-3.png?width=31&height=31&name=mg-3.png,N/A,Needs Manual Review
https://nmgtechnologies.com/hs-fs/hubfs/f-1.png?width=98&height=98&name=f-1.png,N/A,Needs Manual Review
https://nmgtechnologies.com/hs-fs/hubfs/website-images/l5.png?width=37&height=27&name=l5.png,N/A,Needs Manual Review
https://nmgtechnologies.com/hs-fs/hubfs/d-1.png?width=50&height=50&name=d-1.png,N/A,Needs Manual Review
https://nmgtechnologies.com/hs-fs/hubfs/mg-1.png?width=31&height=36&name=mg-1.png,N/A,Needs Manual Review
https://nmgtechnologies.com/hs-fs/hubfs/f-6.png?width=98&height=98&name=f-6.png,N/A,Needs Manual Review
https://nmgtechnologies.com/hs-fs/hubfs/mg-2.png?width=31&height=31&name=mg-2.png,N/A,Needs Manual Review
https://nmgtechnologies.com/hs-fs/hubfs/website-images/l7.png?width=40&height=37&name=l7.png,N/A,Needs Manual Review
https://nmgtechnologies.com/hubfs/process-img2.png,N/A,Needs Manual Review
https://nmgtechnologies.com/hs-fs/hubfs/website-images/l3.png?width=33&height=37&name=l3.png,N/A,Needs Manual Review
https://nmgtechnologies.com/hs-fs/hubfs/d-2.png?width=40&height=69&name=d-2.png,N/A,Needs Manual Review
https://nmgtechnologies.com/hs-fs/hubfs/f-5.png?width=98&height=98&name=f-5.png,N/A,Needs Manual Review
https://nmgtechnologies.com/hs-fs/hubfs/website-images/l1.png?width=44&height=37&name=l1.png,N/A,Needs Manual Review
https://nmgtechnologies.com/hs-fs/hubfs/fixed-cost.png?width=98&height=98&name=fixed-cost.png,N/A,Needs Manual Review
https://nmgtechnologies.com/hs-fs/hubfs/carreer-icon-1.png?width=71&height=71&name=carreer-icon-1.png,N/A,Needs Manual Review
https://nmgtechnologies.com/hubfs/website-images/life-process.png,N/A,Needs Manual Review
https://nmgtechnologies.com/hs-fs/hubfs/carreer-icon-2.png?width=71&height=71&name=carreer-icon-2.png,N/A,Needs Manual Review
https://nmgtechnologies.com/hs-fs/hubfs/carreer-icon-6.png?width=71&height=70&name=carreer-icon-6.png,N/A,Needs Manual Review
https://nmgtechnologies.com/hubfs/communication-process.jpg,N/A,Needs Manual Review
https://nmgtechnologies.com/hs-fs/hubfs/c-icon2.png?width=51&height=46&name=c-icon2.png,N/A,Needs Manual Review
https://nmgtechnologies.com/hs-fs/hubfs/carreer-icon-3.png?width=71&height=71&name=carreer-icon-3.png,N/A,Needs Manual Review
https://nmgtechnologies.com/hs-fs/hubfs/c-icon3.png?width=61&height=61&name=c-icon3.png,N/A,Needs Manual Review
https://nmgtechnologies.com/hs-fs/hubfs/c-icon5.png?width=51&height=51&name=c-icon5.png,N/A,Needs Manual Review
https://nmgtechnologies.com/hubfs/website-images/section-border.png,N/A,Needs Manual Review
https://nmgtechnologies.com/hs-fs/hubfs/c-icon1.png?width=46&height=64&name=c-icon1.png,N/A,Needs Manual Review
https://nmgtechnologies.com/hs-fs/hubfs/carreer-icon-5.png?width=70&height=70&name=carreer-icon-5.png,N/A,Needs Manual Review
https://nmgtechnologies.com/hs-fs/hubfs/c-icon4.png?width=46&height=42&name=c-icon4.png,N/A,Needs Manual Review
https://nmgtechnologies.com/hs-fs/hubfs/c-icon6.png?width=61&height=61&name=c-icon6.png,N/A,Needs Manual Review
https://nmgtechnologies.com/hs-fs/hubfs/carreer-icon-4.png?width=72&height=71&name=carreer-icon-4.png,N/A,Needs Manual Review
https://nmgtechnologies.com/hubfs/hub_generated/module_assets/1/79289129029/1742210717219/module_social-follow.min.css,N/A,Needs Manual Review
https://nmgtechnologies.com/hubfs/cms.svg,N/A,Needs Manual Review
https://nmgtechnologies.com/hubfs/website-images/contact-right-img.png,N/A,Needs Manual Review
https://nmgtechnologies.com/hs-fs/hubfs/service-pic.jpg?width=692&height=837&name=service-pic.jpg,N/A,Needs Manual Review
https://nmgtechnologies.com/hubfs/ajax.svg,N/A,Needs Manual Review
https://nmgtechnologies.com/hubfs/application-sercer.svg,N/A,Needs Manual Review
https://nmgtechnologies.com/hubfs/software.svg,N/A,Needs Manual Review
https://nmgtechnologies.com/hs-fs/hubfs/ecommerce-development-2.jpg?width=533&height=800&name=ecommerce-development-2.jpg,N/A,Needs Manual Review
https://nmgtechnologies.com/hubfs/php_migration.svg,N/A,Needs Manual Review
https://nmgtechnologies.com/hubfs/legacy-application-modernization.svg,N/A,Needs Manual Review
https://nmgtechnologies.com/hubfs/webserver.svg,N/A,Needs Manual Review
https://nmgtechnologies.com/hs-fs/hubfs/real-estate-1.jpg?width=600&height=400&name=real-estate-1.jpg,N/A,Needs Manual Review
https://nmgtechnologies.com/hs-fs/hubfs/education.jpg?width=600&height=400&name=education.jpg,N/A,Needs Manual Review
https://nmgtechnologies.com/hs-fs/hubfs/healthcare-1.jpg?width=600&height=600&name=healthcare-1.jpg,N/A,Needs Manual Review
https://nmgtechnologies.com/hubfs/lineicons_typescript.svg,N/A,Needs Manual Review
https://nmgtechnologies.com/hubfs/shopify-apps.svg,N/A,Needs Manual Review
https://nmgtechnologies.com/hubfs/hydrogen.svg,N/A,Needs Manual Review
https://nmgtechnologies.com/hubfs/lineicons_kubernetes.svg,N/A,Needs Manual Review
https://nmgtechnologies.com/hubfs/memcached.svg,N/A,Needs Manual Review
https://nmgtechnologies.com/hs-fs/hubfs/retail-ecommerce.jpg?width=600&height=400&name=retail-ecommerce.jpg,N/A,Needs Manual Review
https://nmgtechnologies.com/hs-fs/hubfs/logistics-1.jpg?width=600&height=600&name=logistics-1.jpg,N/A,Needs Manual Review
https://nmgtechnologies.com/hubfs/liquid.svg,N/A,Needs Manual Review
https://nmgtechnologies.com/hs-fs/hubfs/finance-1.jpg?width=600&height=358&name=finance-1.jpg,N/A,Needs Manual Review
https://nmgtechnologies.com/hubfs/devicon-plain_redis.svg,N/A,Needs Manual Review
https://nmgtechnologies.com/hubfs/shopify-migration.svg,N/A,Needs Manual Review
https://nmgtechnologies.com/hs-fs/hubfs/thumbnail-omtut-1.png?width=360&height=280&name=thumbnail-omtut-1.png,N/A,Needs Manual Review
https://nmgtechnologies.com/hs-fs/hubfs/Dedicated%20Team%20Setup.png?width=1400&height=1400&name=Dedicated%20Team%20Setup.png,N/A,Needs Manual Review
https://nmgtechnologies.com/hubfs/iphone-app.svg,N/A,Needs Manual Review
https://nmgtechnologies.com/hubfs/ios-app.svg,N/A,Needs Manual Review
https://nmgtechnologies.com/hs-fs/hubfs/atlys-screen3.png?width=443&height=536&name=atlys-screen3.png,N/A,Needs Manual Review
https://nmgtechnologies.com/hubfs/ios-appul.svg,N/A,Needs Manual Review
https://nmgtechnologies.com/hubfs/custom-ios-app.svg,N/A,Needs Manual Review
https://nmgtechnologies.com/hubfs/daily_standups.svg,N/A,Needs Manual Review
https://nmgtechnologies.com/hubfs/performance.svg,N/A,Needs Manual Review
https://nmgtechnologies.com/hubfs/regular-reporting.svg,N/A,Needs Manual Review
https://nmgtechnologies.com/_hcms/forms/v2.js,N/A,Needs Manual Review
https://nmgtechnologies.com/hubfs/empowering-pic.png,N/A,Needs Manual Review
https://nmgtechnologies.com/hs-fs/hubfs/la_angular.png?width=40&height=40&name=la_angular.png,N/A,Needs Manual Review
https://nmgtechnologies.com/hubfs/Planning.svg,N/A,Needs Manual Review
https://nmgtechnologies.com/hubfs/tablet-app.svg,N/A,Needs Manual Review
https://nmgtechnologies.com/hs-fs/hubfs/mobile-app.png?width=52&height=52&name=mobile-app.png,N/A,Needs Manual Review
https://nmgtechnologies.com/hubfs/website-images/plane-image.png,N/A,Needs Manual Review
https://nmgtechnologies.com/hubfs/wear-app.svg,N/A,Needs Manual Review
https://nmgtechnologies.com/hs-fs/hubfs/majesticons_ux-circle-line.png?width=40&height=40&name=majesticons_ux-circle-line.png,N/A,Needs Manual Review
https://nmgtechnologies.com/hubfs/wealth-concert.webp,N/A,Needs Manual Review
https://nmgtechnologies.com/hubfs/Internationalcitizensinsurance.jpg,N/A,Needs Manual Review
https://nmgtechnologies.com/hubfs/artificial-intelligence.jpg,N/A,Needs Manual Review
https://nmgtechnologies.com/hubfs/compund-banc.webp,N/A,Needs Manual Review
https://nmgtechnologies.com/hs-fs/hubfs/compound-screen2.webp?width=443&height=536&name=compound-screen2.webp,N/A,Needs Manual Review
https://nmgtechnologies.com/hubfs/choice-bg.jpg,N/A,Needs Manual Review
https://nmgtechnologies.com/hs-fs/hubfs/backbonejs.png?width=40&height=40&name=backbonejs.png,N/A,Needs Manual Review
https://nmgtechnologies.com/hs-fs/hubfs/bootstrap-icon.png?width=40&height=40&name=bootstrap-icon.png,N/A,Needs Manual Review
https://nmgtechnologies.com/hubfs/about-banner%20(1).webp,N/A,Needs Manual Review
https://nmgtechnologies.com/hs-fs/hubfs/skeleton.png?width=40&height=40&name=skeleton.png,N/A,Needs Manual Review
https://nmgtechnologies.com/hubfs/amazon_aurora.svg,N/A,Needs Manual Review
https://nmgtechnologies.com/hubfs/django.svg,N/A,Needs Manual Review
https://nmgtechnologies.com/hubfs/microsoftsql.svg,N/A,Needs Manual Review
https://nmgtechnologies.com/hubfs/c-plush.svg,N/A,Needs Manual Review
https://nmgtechnologies.com/hubfs/cassanda.svg,N/A,Needs Manual Review
https://nmgtechnologies.com/hubfs/scykitlearn.svg,N/A,Needs Manual Review
https://nmgtechnologies.com/hubfs/keras.svg,N/A,Needs Manual Review
https://nmgtechnologies.com/hubfs/hadoop.svg,N/A,Needs Manual Review
https://nmgtechnologies.com/hubfs/pytorch.svg,N/A,Needs Manual Review
https://nmgtechnologies.com/hubfs/tensorflow.svg,N/A,Needs Manual Review
https://nmgtechnologies.com/hubfs/apache-spark.svg,N/A,Needs Manual Review
https://nmgtechnologies.com/hubfs/gitex-banner.jpg,N/A,Needs Manual Review
